,cities,Cloudiness,Country,Date,Humidity,Lat,Lng,Max_Temp,Wind_Speed
0,Hobart,20,AU,1578277144,55,-42.88,147.33,77.0,16.11
1,Vaini,75,IN,1578276945,88,15.34,74.49,66.2,4.7
2,Coquimbo,0,CL,1578277144,72,-29.95,-71.34,62.6,2.24
3,Chuy,0,UY,1578277143,85,-33.69,-53.46,69.55,11.83
4,Merritt,75,CA,1578277144,88,50.11,-120.79,39.2,14.99
5,Cockburn Town,2,TC,1578277144,68,21.46,-71.14,77.47,8.16
6,Sao Joao do Piaui,97,BR,1578277144,82,-8.36,-42.25,72.25,1.81
7,Cukai,40,MY,1578276953,88,4.25,103.42,78.8,8.05
8,Qaanaaq,74,GL,1578276924,51,77.48,-69.36,-25.26,2.95
9,Busselton,23,AU,1578276331,17,-33.64,115.35,90.0,11.43
10,Ushuaia,75,AR,1578276569,70,-54.81,-68.31,48.2,25.28
11,Ostrovnoy,94,RU,1578276898,84,68.05,39.51,12.79,15.73
12,Lebu,38,ET,1578277144,81,8.96,38.73,51.46,0.56
13,Bluff,74,AU,1578276927,38,-23.58,149.07,90.79,13.69
14,Wajir,61,KE,1578277144,75,1.75,40.07,78.8,11.79
15,Meulaboh,29,ID,1578277144,76,4.14,96.13,80.6,5.77
16,Barrow,100,AR,1578277012,89,-38.31,-60.23,61.7,7.25
17,Fairbanks,100,US,1578277145,66,64.84,-147.72,-17.0,2.15
18,East London,44,ZA,1578277145,77,-33.02,27.91,71.82,5.39
19,Rikitea,52,PF,1578277145,76,-23.12,-134.97,76.28,16.04
20,Kidal,0,ML,1578277145,27,18.44,1.41,52.92,11.79
21,Ippy,86,CF,1578277145,41,6.26,21.2,66.4,2.55
22,Bathsheba,75,BB,1578277145,94,13.22,-59.52,75.2,14.99
23,Kapaa,75,US,1578277145,74,22.08,-159.32,80.6,19.46
24,Pevek,0,RU,1578277145,80,69.7,170.27,-7.29,3.85
25,Arraial do Cabo,100,BR,1578277145,86,-22.97,-42.02,76.08,2.51
26,Souillac,0,FR,1578277145,93,45.6,-0.6,35.6,2.24
27,Hambantota,20,LK,1578277145,100,6.12,81.12,73.4,3.36
28,Whitehorse,90,CA,1578276916,77,60.72,-135.06,-0.4,13.87
29,Butaritari,100,KI,1578277145,75,3.07,172.79,85.01,17.43
30,Lompoc,1,US,1578277145,58,34.64,-120.46,57.2,19.46
31,Ambulu,85,ID,1578277145,77,-8.35,113.61,82.71,10.6
32,Hermanus,100,ZA,1578277145,94,-34.42,19.24,63.0,9.78
33,Tiksi,3,RU,1578277145,86,71.64,128.87,-12.57,13.6
34,Port Alfred,99,ZA,1578277145,93,-33.59,26.89,68.0,3.13
35,Husavik,0,CA,1578277145,82,50.56,-96.99,16.0,7.78
36,Mataura,100,NZ,1578277146,79,-46.19,168.86,50.0,25.01
37,Auki,58,NG,1578277146,28,12.18,6.51,62.94,13.85
38,Cape Town,40,ZA,1578276901,72,-33.93,18.42,63.0,8.05
39,Thompson,90,CA,1578276999,84,55.74,-97.86,6.8,10.29
40,Araguaina,100,BR,1578277146,91,-7.19,-48.21,74.52,5.68
41,Mayo,75,CA,1578277146,67,63.59,-135.9,-25.6,3.36
42,Makakilo City,20,US,1578277146,69,21.35,-158.09,82.0,16.11
43,Sandakan,40,MY,1578277146,79,5.84,118.12,84.2,5.82
44,Verkhnevilyuysk,87,RU,1578277146,99,63.45,120.31,-7.8,1.54
45,Puerto Ayora,0,EC,1578277146,82,-0.74,-90.35,75.99,4.0
46,Rio Gallegos,20,AR,1578277146,70,-51.62,-69.22,46.4,9.17
47,Fortuna,1,US,1578277146,81,40.6,-124.16,46.99,0.65
48,North Bend,90,US,1578276896,93,43.41,-124.22,46.4,8.05
49,Gao,0,ML,1578277120,22,16.28,-0.04,57.79,10.6
50,Iqaluit,90,CA,1578277093,62,63.75,-68.52,-16.6,5.82
51,Warrnambool,0,AU,1578277146,75,-38.38,142.48,58.98,16.28
52,Okhotsk,0,RU,1578277146,79,59.36,143.24,5.38,9.13
53,Najran,0,SA,1578277146,59,17.54,44.22,62.6,5.82
54,Atuona,63,PF,1578277146,78,-9.8,-139.03,79.9,10.71
55,Narsaq,100,GL,1578277146,78,60.91,-46.05,17.6,3.22
56,Faanui,12,PF,1578276982,72,-16.48,-151.75,82.38,11.03
57,Kutum,0,SD,1578277147,29,14.2,24.66,50.23,3.83
58,Makaha,20,US,1578277147,69,21.47,-158.22,82.0,16.11
59,Kloulklubed,75,PW,1578277147,79,7.04,134.26,84.2,17.22
60,Baruun-Urt,62,MN,1578276971,92,46.68,113.28,6.46,7.05
61,Tasiilaq,100,GL,1578276570,90,65.61,-37.64,20.64,38.86
62,Chokurdakh,16,RU,1578277147,100,70.62,147.9,-20.38,1.92
63,Albany,40,US,1578276883,63,42.65,-73.75,28.4,3.36
64,Lahaina,20,US,1578277147,65,20.87,-156.68,82.4,18.34
65,Georgetown,0,GY,1578277113,88,6.8,-58.16,71.6,4.7
66,Punta Arenas,40,CL,1578277147,61,-53.16,-70.91,46.4,12.75
67,Marsabit,72,KE,1578277147,45,2.34,37.99,78.4,12.62
68,Pacific Grove,1,US,1578277084,71,36.62,-121.92,57.2,5.82
69,Tuktoyaktuk,20,CA,1578277147,74,69.44,-133.03,-23.8,5.82
70,Bambous Virieux,40,MU,1578277147,94,-20.34,57.76,75.2,10.29
71,Byron Bay,32,AU,1578277147,74,-28.65,153.62,89.6,16.11
72,Severo-Kurilsk,99,RU,1578277147,91,50.68,156.12,26.65,8.43
73,Gamba,2,CN,1578277148,15,28.28,88.52,9.59,1.95
74,Rome,0,IT,1578277115,64,41.89,12.48,45.0,1.12
75,Bredasdorp,100,ZA,1578276569,72,-34.53,20.04,64.4,4.7
76,Kyshtovka,88,RU,1578277148,95,56.56,76.62,8.8,8.52
77,Norman Wells,20,CA,1578277148,73,65.28,-126.83,-31.0,3.36
78,New Norfolk,20,AU,1578277148,55,-42.78,147.06,77.0,16.11
79,Havre-Saint-Pierre,1,CA,1578277148,72,50.23,-63.6,10.4,5.82
80,Avera,1,US,1578277148,67,33.19,-82.53,46.0,3.36
81,Klyuchi,0,RU,1578277148,88,52.25,79.17,10.22,4.61
82,Elko,90,US,1578277148,64,40.83,-115.76,33.8,6.93
83,Mercedes,10,UY,1578276993,61,-33.25,-58.03,79.0,7.23
84,Thohoyandou,14,ZA,1578277148,77,-22.97,30.46,71.82,2.46
85,Abu Samrah,79,SY,1578277148,85,35.3,37.18,43.23,7.99
86,Cidreira,0,BR,1578277148,84,-30.17,-50.22,74.7,23.15
87,Nemuro,20,JP,1578277148,54,43.32,145.57,28.4,23.04
88,Ribeira Grande,100,PT,1578277148,93,38.52,-28.7,60.04,16.71
89,Jamestown,82,AU,1578277148,55,-33.21,138.6,73.4,0.31
90,Ilulissat,100,GL,1578277148,65,69.22,-51.1,8.6,14.99
91,Maldonado,36,UY,1578277112,64,-34.91,-54.96,73.4,11.41
92,Niort,0,FR,1578277148,92,46.32,-0.46,36.0,5.82
93,Ballina,100,IE,1578277148,91,54.11,-9.15,51.01,17.0
94,Duekoue,0,CI,1578277148,42,6.74,-7.35,63.55,1.72
95,Port Hedland,97,AU,1578277149,35,-20.31,118.58,98.6,18.34
96,Pisco,65,PE,1578277149,83,-13.71,-76.2,70.0,16.11
97,Avarua,100,CK,1578277149,83,-21.21,-159.78,82.4,6.93
98,Ayagoz,0,KZ,1578277149,82,47.96,80.43,5.23,6.38
99,Aklavik,90,CA,1578277071,68,68.22,-135.01,-16.6,4.7
100,Abnub,0,EG,1578277149,72,27.27,31.15,44.6,10.29
101,Sept-Iles,5,CA,1578277149,71,50.2,-66.38,10.99,8.05
102,Novyy Urengoy,0,RU,1578277149,88,66.08,76.63,9.12,11.39
103,Klaksvik,100,FO,1578277149,100,62.23,-6.59,48.2,19.46
104,Dikson,100,RU,1578277149,94,73.51,80.55,17.19,16.11
105,Lata,100,IN,1578277149,75,30.78,78.62,19.78,1.99
106,Willowmore,100,ZA,1578277149,79,-33.3,23.49,57.74,2.91
107,Christchurch,100,NZ,1578276945,48,-43.53,172.64,68.0,4.7
108,Nikolskoye,100,RU,1578277149,79,59.7,30.79,26.01,2.24
109,Castro,90,CL,1578276913,81,-42.48,-73.76,51.8,4.7
110,San Cristobal,72,HN,1578277149,98,14.68,-86.92,58.95,4.65
111,Islahiye,75,TR,1578277149,86,37.03,36.63,45.0,4.7
112,Sur,88,OM,1578277149,81,22.57,59.53,67.41,11.63
113,Tawang,0,BT,1578277149,13,27.59,91.87,34.81,2.26
114,Carutapera,99,BR,1578277150,80,-1.2,-46.02,81.3,12.21
115,Saint Anthony,90,US,1578277150,85,43.97,-111.68,25.0,9.17
116,Marathon,100,CA,1578277150,92,48.72,-86.38,31.24,27.04
117,Teya,75,MX,1578277150,64,21.05,-89.07,71.6,5.82
118,Margate,20,AU,1578277150,55,-43.03,147.26,77.0,16.11
119,Clyde River,1,CA,1578276957,52,70.47,-68.59,-40.0,18.34
120,Touros,40,BR,1578277150,83,-5.2,-35.46,78.8,5.82
121,Mishan,56,CN,1578277150,85,45.55,131.88,12.76,2.93
122,Ancud,90,CL,1578277150,81,-41.87,-73.83,51.8,4.7
123,Victoria,75,BN,1578277150,66,5.28,115.24,86.0,3.36
124,San Quintin,0,PH,1578276932,53,17.54,120.52,83.32,5.12
125,Akdepe,90,TM,1578277150,79,42.05,59.39,26.6,4.7
126,Camocim,100,BR,1578277150,88,-2.9,-40.84,75.97,2.48
127,Beira,75,ES,1578277150,100,43.2,-8.36,39.99,8.05
128,Srednekolymsk,28,RU,1578277150,84,67.46,153.71,-10.86,3.4
129,Siavonga,100,ZW,1578277144,88,-16.54,28.71,73.33,2.93
130,Alofi,3,NU,1578276906,100,-19.06,-169.92,78.8,9.17
131,Bethel,1,US,1578276966,68,60.79,-161.76,-16.6,6.93
132,Cherskiy,1,RU,1578277150,63,68.75,161.3,-9.81,4.23
133,Kiama,100,AU,1578277150,73,-34.67,150.86,71.6,12.75
134,Mar del Plata,64,AR,1578277151,57,-46.43,-67.52,56.43,23.22
135,Torbay,90,CA,1578277151,100,47.66,-52.73,30.99,29.97
136,Constitucion,20,MX,1578277151,22,23.99,-104.67,55.4,5.82
137,Yellowknife,5,CA,1578277151,82,62.45,-114.38,-16.6,5.82
138,Barentu,0,ER,1578277151,90,15.11,37.59,59.0,2.04
139,Show Low,1,US,1578277151,44,34.25,-110.03,48.0,13.87
140,Mount Gambier,0,AU,1578277151,46,-37.83,140.78,71.6,14.99
141,Puro,99,PH,1578277151,89,13.13,123.76,76.59,15.93
142,Sapa,40,PH,1578277151,55,14.32,120.76,87.01,13.87
143,Kodiak,1,US,1578277151,69,39.95,-94.76,37.99,6.49
144,Almaznyy,75,RU,1578277151,93,48.03,40.04,35.6,2.24
145,Jinxi,0,CN,1578277151,64,27.92,116.75,70.74,4.27
146,Samaipata,85,BO,1578277151,98,-18.18,-63.88,60.8,2.28
147,Sri Aman,75,MY,1578277074,94,1.24,111.46,77.0,1.12
148,Port Elizabeth,1,US,1578277035,55,39.31,-74.98,37.99,8.05
149,Buenaventura,30,CO,1578277151,97,3.89,-77.07,72.97,3.24
150,Sabang,5,PH,1578277152,55,13.8,121.11,83.08,13.87
151,Angoche,99,MZ,1578277152,90,-16.23,39.91,76.35,2.37
152,Hilo,90,US,1578277152,69,19.71,-155.08,77.0,14.99
153,Benguela,91,AO,1578277152,88,-12.58,13.4,76.96,2.64
154,Noumea,75,NC,1578277060,46,-22.28,166.46,91.4,12.75
155,Oksfjord,100,NO,1578277152,67,70.24,22.35,24.8,19.46
156,La Ronge,90,CA,1578277152,77,55.1,-105.3,-2.2,5.14
157,Lagos,100,NG,1578276994,88,6.46,3.39,71.6,2.89
158,Westport,1,US,1578277152,50,41.14,-73.36,37.0,4.7
159,Moba,99,CD,1578277152,67,-7.04,29.77,75.81,6.13
160,Huarmey,38,PE,1578277152,79,-10.07,-78.15,68.61,2.15
161,Sobolevo,20,RU,1578277152,91,54.43,31.9,24.75,5.32
162,Sinop,100,TR,1578277049,60,42.03,35.15,43.25,3.78
163,High Level,75,CA,1578277152,76,58.52,-117.13,-7.6,10.29
164,Mutoko,32,ZW,1578277152,96,-17.4,32.23,64.89,2.48
165,Bahia Blanca,90,AR,1578277036,87,-38.72,-62.27,60.8,18.34
166,San Patricio,0,PY,1578277130,53,-26.98,-56.83,78.6,8.46
167,Jalu,0,LY,1578277152,63,29.03,21.55,49.82,16.4
168,Killybegs,100,IE,1578277153,91,54.63,-8.45,46.0,17.0
169,Mehamn,100,NO,1578277153,81,71.03,27.85,16.79,8.52
170,Qaqortoq,75,GL,1578277153,78,60.72,-46.03,17.6,34.14
171,Mount Isa,76,AU,1578277153,27,-20.73,139.49,98.6,8.05
172,Ketchikan,90,US,1578277125,91,55.34,-131.65,33.8,5.82
173,Cairns,40,AU,1578277153,70,-16.92,145.77,89.01,8.05
174,Itarema,43,BR,1578276858,87,-2.92,-39.92,76.15,4.32
175,Chino Valley,1,US,1578277153,38,34.76,-112.45,48.0,9.17
176,Sinnamary,24,GF,1578277153,78,5.38,-52.96,79.3,10.45
177,Manhattan,1,US,1578277153,74,39.18,-96.57,35.01,3.02
178,Chapada dos Guimaraes,40,BR,1578277153,74,-15.46,-55.75,80.6,5.82
179,Aras,0,ES,1578277153,100,42.56,-2.36,32.0,1.12
180,Sitka,0,US,1578277153,52,37.17,-99.65,36.0,6.64
181,Lafayette,1,US,1578276998,93,30.22,-92.02,57.2,4.7
182,Polyarnyy,100,RU,1578277153,84,69.2,33.45,-0.4,2.24
183,Lima,75,PE,1578276976,88,-12.06,-77.04,71.6,12.75
184,Upernavik,94,GL,1578277153,96,72.79,-56.15,-30.44,15.59
185,Yulara,40,AU,1578277150,64,-25.24,130.99,73.4,16.11
186,Darhan,96,MN,1578277154,92,49.49,105.92,3.34,3.89
187,Bambanglipuro,31,ID,1578276855,65,-7.95,110.28,85.01,10.02
188,Herat,40,AF,1578277154,100,34.35,62.22,39.2,3.36
189,Tiradentes,0,BR,1578277154,95,-18.95,-49.46,69.89,7.81
190,Sao Filipe,98,CV,1578277154,67,14.9,-24.5,70.3,19.91
191,Isangel,20,VU,1578277154,62,-19.55,169.27,87.8,14.99
192,San Juan,14,AR,1578277154,56,-31.54,-68.53,71.53,22.24
193,Sosnovo-Ozerskoye,49,RU,1578277154,95,52.53,111.54,1.04,6.33
194,Hami,99,CN,1578277154,38,42.84,93.51,22.86,1.16
195,Shihezi,89,CN,1578276884,95,44.3,86.03,6.33,0.81
196,Ust-Ilimsk,90,RU,1578277154,93,57.96,102.73,16.34,8.95
197,High Rock,1,BS,1578277154,64,26.63,-78.28,67.32,15.79
198,Zheleznodorozhnyy,75,RU,1578277154,96,55.75,38.0,32.0,4.47
199,Geraldton,90,CA,1578277154,85,49.72,-86.95,17.6,3.36
200,Itoman,20,JP,1578277154,56,26.12,127.67,71.6,9.17
201,Salalah,75,OM,1578277154,78,17.01,54.1,75.2,3.36
202,Antofagasta,46,CL,1578277154,77,-23.65,-70.4,68.0,3.36
203,Saint-Pierre,90,FR,1578277154,100,48.95,4.24,28.99,4.7
204,Morondava,0,MG,1578277155,86,-20.3,44.28,76.35,1.63
205,Alta Floresta,100,BR,1578277155,98,-9.87,-56.08,68.29,2.04
206,Ruteng,100,ID,1578276943,72,-8.61,120.46,78.94,6.26
207,Saskylakh,100,RU,1578277155,92,71.97,114.09,-16.62,16.02
208,Todos Santos,75,MX,1578277155,77,23.45,-110.23,70.0,4.38
209,Ugoofaaru,48,MV,1578277155,78,5.67,73.0,82.35,15.01
210,Doha,32,QA,1578277059,82,25.29,51.53,62.6,9.17
211,Kozhevnikovo,98,RU,1578277155,92,56.26,83.98,26.01,5.01
212,Zhigansk,99,RU,1578277155,94,66.77,123.37,-11.67,16.67
213,Rawson,93,AR,1578276971,59,-43.3,-65.11,61.61,16.02
214,Saint-Doulchard,0,FR,1578277155,92,47.1,2.37,33.8,10.29
215,Taltal,0,CL,1578276936,80,-25.41,-70.49,61.41,1.39
216,Sioux Lookout,90,CA,1578277155,72,50.1,-91.92,19.4,14.99
217,Luwuk,100,ID,1578277155,83,-0.95,122.79,78.48,12.35
218,Phek,53,IN,1578277155,86,25.7,94.46,48.7,3.2
219,Griffith,40,AU,1578277155,39,-34.29,146.06,81.0,9.17
220,Saint-Philippe,90,CA,1578277019,67,45.36,-73.48,19.99,9.17
221,Dosso,60,NE,1578277155,23,13.05,3.19,64.27,10.74
222,Laguna,75,BZ,1578277155,73,16.17,-88.94,73.4,6.93
223,Kasiri,28,SL,1578277155,69,8.94,-13.11,80.6,3.36
224,Guane,0,CU,1578277155,61,22.2,-84.09,66.63,15.1
225,Kpandu,0,GH,1578277155,35,7.0,0.29,70.99,1.32
226,Donghai,100,CN,1578277156,89,34.52,118.76,49.53,7.96
227,Anloga,100,GH,1578276966,78,5.79,0.9,71.6,2.24
228,Bolobo,99,CD,1578277156,62,-2.17,16.23,74.82,2.21
229,Harper,1,US,1578277062,43,30.3,-99.24,55.4,4.7
230,Mandurah,0,AU,1578277156,25,-32.55,115.7,89.01,6.93
231,Nanortalik,100,GL,1578277156,71,60.14,-45.24,28.49,29.53
232,Hovd,90,NO,1578277156,100,63.83,10.7,46.4,9.17
233,Black River,40,JM,1578277156,74,18.03,-77.85,81.0,2.24
234,Khatanga,99,RU,1578277156,98,71.98,102.47,-2.85,5.68
235,Vestmannaeyjar,100,IS,1578277067,91,63.44,-20.27,45.79,28.48
236,Nicoya,75,CR,1578276902,69,10.15,-85.45,80.6,14.99
237,Kahului,20,US,1578277156,65,20.89,-156.47,77.0,18.34
238,Carnarvon,69,ZA,1578277156,82,-30.97,22.13,58.98,7.38
239,Kieta,0,PG,1578277156,67,-6.22,155.63,85.8,6.11
240,Izumo,75,JP,1578277156,65,35.37,132.75,46.4,5.82
241,Cordoba,0,AR,1578277156,34,-27.78,-67.24,86.94,5.12
242,Merritt Island,1,US,1578277054,93,28.54,-80.67,54.0,9.28
243,Tres Passos,0,BR,1578276939,91,-27.46,-53.93,71.01,5.14
244,Nuristan,90,UZ,1578277156,100,38.49,65.64,41.0,13.87
245,Puerto Quijarro,87,BO,1578277156,58,-19.0,-57.72,80.78,3.58
246,Vila Velha,75,BR,1578277156,74,-3.71,-38.6,86.0,8.05
247,Newport,90,GB,1578277099,81,51.59,-3.0,46.99,11.41
248,Faya,20,SA,1578276875,87,18.39,42.45,57.2,6.93
249,Hailar,100,CN,1578277157,95,49.2,119.7,16.72,4.14
250,Nicolas Bravo,20,MX,1578277157,22,24.39,-104.74,55.4,5.82
251,Esperance,0,AU,1578277157,16,-33.86,121.89,91.4,17.22
252,Kapit,99,MY,1578277157,65,2.02,112.94,86.74,1.77
253,Bereda,75,ES,1578277157,100,43.27,-7.54,41.0,8.05
254,Bocaiuva,20,BR,1578277157,94,-17.12,-43.81,71.6,6.49
255,Aksu,90,KZ,1578277157,92,52.04,76.93,17.6,4.47
256,Katsuura,40,JP,1578277157,54,33.93,134.5,53.01,5.82
257,Pokhara,0,NP,1578277157,51,28.21,83.99,52.16,0.94
258,Collie,33,AU,1578277157,15,-33.36,116.15,90.0,1.92
259,Tautira,40,PF,1578277157,83,-17.73,-149.15,82.4,4.7
260,Damghan,0,IR,1578277157,79,36.17,54.34,32.77,2.75
261,Maragogi,100,BR,1578277157,78,-9.01,-35.22,80.02,8.61
262,Farafangana,28,MG,1578277157,75,-22.82,47.83,78.94,3.04
263,Pesnica pri Mariboru,0,SI,1578277157,85,46.61,15.68,28.0,2.24
264,Grindavik,90,IS,1578277157,97,63.84,-22.43,35.6,21.92
265,Dwarka,75,IN,1578276974,93,28.58,77.04,62.01,2.98
266,Sao Joao da Barra,100,BR,1578277158,94,-21.64,-41.05,75.29,4.38
267,Churapcha,100,RU,1578277158,96,62.0,132.43,-2.34,6.58
268,Isiro,100,CD,1578277158,99,2.77,27.62,65.01,1.39
269,Karratha,100,AU,1578277158,64,-20.74,116.85,87.49,6.98
270,Kasongo-Lunda,100,CD,1578277158,96,-6.48,16.82,67.86,0.98
271,Rincon,34,PA,1578277158,85,8.46,-82.28,66.0,5.01
272,Port Lincoln,2,AU,1578277158,54,-34.72,135.86,68.05,10.22
273,Cao Bang,100,VN,1578277158,92,22.67,106.25,64.74,2.64
274,Khandyga,100,RU,1578277158,96,62.65,135.58,-2.11,4.59
275,Mana,69,NG,1578277158,24,13.03,5.27,61.57,11.5
276,Guerrero Negro,83,MX,1578277158,50,27.97,-114.04,63.05,7.16
277,Amahai,95,ID,1578277158,73,-3.31,129.0,84.07,9.6
278,Hithadhoo,100,MV,1578277158,73,-0.6,73.08,84.33,12.73
279,Phan Thiet,79,VN,1578277158,49,10.93,108.1,83.08,1.86
280,Namibe,68,AO,1578277158,87,-15.19,12.15,72.82,10.18
281,Luderitz,0,NA,1578276678,85,-26.65,15.16,62.92,20.76
282,Berlevag,100,NO,1578277158,75,70.86,29.09,25.29,15.14
283,Matara,86,BI,1578277158,92,-3.48,29.48,55.8,1.05
284,Mecca,0,SA,1578277159,48,21.43,39.83,56.19,2.35
285,Belaya Gora,7,RU,1578277159,85,68.54,146.19,-20.85,0.51
286,Teguise,18,ES,1578277159,72,29.06,-13.56,62.6,6.93
287,Nouakchott,0,MR,1578276976,22,18.08,-15.98,57.2,8.05
288,Kenai,40,US,1578277159,83,60.55,-151.26,1.0,8.05
289,Ponta do Sol,2,BR,1578277159,96,-20.63,-46.0,66.6,2.24
290,Portel,43,BR,1578277159,95,-1.94,-50.82,74.25,3.29
291,Mount Pleasant,1,US,1578277001,50,33.16,-94.97,57.0,4.21
292,Bure,71,NG,1578277159,39,10.52,10.33,59.81,5.86
293,Rocha,0,UY,1578276866,82,-34.48,-54.34,64.53,10.71
294,Magaria,88,NE,1578277025,27,13.0,8.91,62.38,12.84
295,Luanda,40,AO,1578276974,88,-8.83,13.24,78.8,3.36
296,Carmen,75,PH,1578277159,74,7.36,125.71,82.4,6.93
297,Saint-Augustin,20,CA,1578277159,72,45.63,-73.98,19.0,2.24
298,Ankara,75,TR,1578277122,86,39.92,32.85,35.6,11.41
299,Ariquemes,99,BR,1578277160,98,-9.91,-63.03,72.84,2.48
300,Broken Hill,100,AU,1578277160,68,-31.97,141.45,64.4,16.11
301,Kaitangata,100,NZ,1578277160,68,-46.28,169.85,51.01,25.99
302,Vanavara,100,RU,1578277160,94,60.35,102.28,14.27,8.25
303,Ovalle,0,CL,1578277160,80,-30.6,-71.2,54.05,1.66
304,Airai,100,TL,1578277160,53,-8.93,125.41,81.5,4.97
305,Creston,90,CA,1578277160,94,49.1,-116.52,34.0,6.93
306,Cabo San Lucas,75,MX,1578277160,77,22.89,-109.91,70.0,3.09
307,Santa Maria do Suacui,10,BR,1578277160,97,-18.19,-42.41,66.29,3.83
308,Longyearbyen,20,NO,1578276952,70,78.22,15.63,-0.4,12.75
309,Farah,74,AF,1578277160,78,32.37,62.11,50.25,4.07
310,Westerland,90,NL,1578277160,87,52.89,4.93,46.4,10.29
311,Bubaque,0,GW,1578277160,43,11.28,-15.83,77.02,17.49
312,Mogadishu,8,SO,1578277160,86,2.04,45.34,80.58,17.67
313,Taoudenni,23,ML,1578277160,21,22.68,-3.98,50.68,5.79
314,Maua,100,KE,1578277160,82,0.23,37.94,67.42,0.81
315,Lufilufi,75,WS,1578276971,70,-13.87,-171.6,89.6,11.41
316,Muyezerskiy,100,RU,1578277160,72,63.93,31.65,22.12,13.49
317,Acapulco,40,MX,1578277160,78,16.86,-99.88,80.6,2.24
318,Mitu,98,IR,1578277160,98,36.2,46.09,23.99,3.36
319,Erenhot,0,CN,1578277101,80,43.65,111.97,13.1,8.5
320,Kalmunai,2,LK,1578277161,76,7.42,81.82,82.42,13.82
321,Tiarei,40,PF,1578277161,83,-17.53,-149.33,82.4,4.7
322,Nelson Bay,90,AU,1578277161,73,-32.72,152.14,75.99,12.75
323,Dingle,97,PH,1578276966,85,11.0,122.67,79.36,16.37
324,Kaputa,99,ZM,1578277161,84,-8.47,29.66,62.53,2.26
325,Iracoubo,24,GF,1578277161,78,5.48,-53.21,79.3,10.45
326,Sile,1,US,1578277161,44,35.56,-106.37,42.8,3.36
327,Aykino,0,RU,1578277161,94,62.22,49.99,8.62,7.09
328,Medvezhyegorsk,97,RU,1578277161,85,62.92,34.47,17.15,7.07
329,Corinto,40,CO,1578277161,73,3.17,-76.26,73.4,11.41
330,Egvekinot,0,RU,1578277161,87,66.32,-179.17,-13.04,9.62
331,Itacare,75,BR,1578277161,94,-14.28,-39.0,80.6,2.24
332,Mporokoso,91,ZM,1578277161,94,-9.37,30.12,61.07,1.5
333,Coihaique,75,CL,1578276948,66,-45.58,-72.07,51.8,4.7
334,Walvis Bay,27,NA,1578277161,82,-22.95,14.51,63.0,3.36
335,Nioro,0,GM,1578277161,15,13.79,-15.05,64.06,11.68
336,Thinadhoo,88,MV,1578277161,74,0.53,72.93,83.93,13.0
337,Seoul,90,KR,1578277009,64,37.57,126.98,39.2,6.93
338,Cayenne,42,GF,1578277161,83,4.94,-52.33,78.8,3.36
339,Waingapu,37,ID,1578276960,77,-9.65,120.26,84.13,22.37
340,Mahebourg,75,MU,1578276570,94,-20.41,57.7,75.2,10.29
341,Marovoay,20,MG,1578277162,94,-16.11,46.64,77.0,3.36
342,Boda,0,CF,1578277162,34,4.32,17.47,67.51,3.06
343,Kushima,40,JP,1578277162,58,31.5,131.29,53.6,4.7
344,Gonbad-e Qabus,40,IR,1578277162,100,37.25,55.17,39.2,1.63
345,Barra do Bugres,99,BR,1578277162,94,-15.07,-57.19,74.41,4.32
346,Dicabisagan,5,PH,1578277163,72,17.08,122.42,78.26,8.43
347,Lavrentiya,0,RU,1578277163,81,65.58,-170.99,-11.22,4.18
348,Provideniya,83,RU,1578277163,72,64.42,-173.23,-11.09,8.1
349,Shubarshi,92,KZ,1578277163,95,48.59,57.19,17.26,5.26
350,Mayumba,12,GA,1578277163,79,-3.44,10.65,81.0,1.39
351,Necochea,100,AR,1578277163,94,-38.55,-58.74,63.0,5.99
352,Upata,0,VE,1578277163,94,8.02,-62.41,68.18,3.18
353,Bichura,95,RU,1578277163,92,50.59,107.6,5.92,1.36
354,Anupgarh,100,IN,1578277163,44,29.19,73.21,61.59,16.98
355,Tuburan,20,PH,1578277163,70,10.73,123.82,84.2,8.05
356,Hamilton,90,CA,1578277094,94,43.26,-79.87,33.01,17.22
357,Murgab,90,TM,1578277163,100,37.5,61.97,33.8,9.17
358,Saint-Paul,0,FR,1578277163,74,45.22,1.9,36.0,8.05
359,Verkhnyaya Inta,86,RU,1578277163,92,65.99,60.32,11.55,16.78
360,Lorengau,68,PG,1578277163,69,-2.02,147.27,85.35,8.57
361,Kampot,44,KH,1578277163,61,10.62,104.18,82.4,2.24
362,Winona,90,CA,1578277163,97,43.21,-79.65,33.01,17.22
363,Myra,100,NO,1578277163,90,58.75,8.86,45.59,15.03
364,Nome,1,US,1578277164,82,30.04,-94.42,63.0,5.82
365,Doka,0,SD,1578277164,19,13.52,35.76,60.03,7.4
366,Jackville,0,CI,1578277164,88,5.21,-4.42,71.6,2.24
367,Cabinda,82,AO,1578277164,82,-5.56,12.19,80.82,5.3
368,Tezu,78,IN,1578277164,79,27.93,96.16,55.27,1.39
369,Safford,1,US,1578277164,47,32.83,-109.71,48.2,5.82
370,West Point,1,US,1578276980,81,33.61,-88.65,51.8,4.43
371,Acajutla,8,SV,1578276938,74,13.59,-89.83,68.0,4.0
372,Jinchang,100,CN,1578277164,50,38.52,102.19,19.13,4.94
373,Moron,1,HT,1578277164,78,18.56,-74.26,77.65,17.81
374,Gurupi,66,BR,1578277030,96,-11.73,-49.07,72.54,3.31
375,Singaraja,68,ID,1578277164,75,-8.11,115.08,83.39,7.25
376,Zyryanka,0,RU,1578277164,84,65.73,150.89,-11.56,3.49
377,Itacurubi del Rosario,0,PY,1578277164,67,-24.5,-56.68,78.04,9.15
378,Eyl,39,SO,1578277164,82,7.98,49.82,78.91,12.41
379,Taganak,40,PH,1578277164,79,6.08,118.3,84.2,5.82
380,Chistogorskiy,47,RU,1578277165,88,53.98,87.38,14.05,3.11
381,Birin,37,NP,1578277165,65,26.89,88.07,44.19,3.18
382,Nainpur,0,IN,1578277165,51,22.43,80.11,57.6,3.58
383,Beloha,33,MG,1578277165,85,-25.17,45.06,72.79,10.8
384,Progreso,75,UY,1578277165,53,-34.68,-56.22,78.01,16.11
385,Chagoda,100,RU,1578277165,76,59.16,35.33,27.41,6.08
386,Sompeta,5,IN,1578277165,72,18.93,84.6,68.5,5.57
387,Vanimo,100,PG,1578277165,74,-2.67,141.3,82.02,8.37
388,Nguruka,89,TZ,1578277165,96,-5.11,31.04,63.3,2.26
389,Stadtallendorf,75,DE,1578277165,80,50.83,9.02,41.0,9.17
390,Khorramshahr,0,IR,1578277165,81,30.43,48.18,50.0,4.7
391,Sorland,75,NO,1578277165,80,67.67,12.69,41.0,13.87
392,Kissidougou,66,GN,1578277165,23,9.19,-10.1,59.54,0.69
393,Haines Junction,100,CA,1578276876,98,60.75,-137.51,-3.01,4.85
394,Kavieng,29,PG,1578277165,69,-2.57,150.8,85.75,8.14
395,Saldanha,0,PT,1578277165,84,41.42,-6.55,34.38,0.56
396,Lazaro Cardenas,5,MX,1578277165,37,28.39,-105.62,54.0,0.98
397,Paramonga,82,PE,1578277165,89,-10.68,-77.82,68.95,10.45
398,Sangar,99,RU,1578277166,88,63.92,127.47,-5.15,12.53
399,Celestun,23,MX,1578277166,68,20.87,-90.4,73.02,16.06
400,Fukue,20,JP,1578277166,52,35.03,136.69,55.99,8.05
401,Leningradskiy,0,RU,1578277166,65,69.38,178.42,-9.13,3.71
402,Rorvik,96,NO,1578277166,90,64.86,11.24,45.0,3.0
403,Coahuayana,0,MX,1578277166,48,18.62,-100.35,72.73,3.58
404,Chihuahua,5,MX,1578276908,37,28.66,-106.08,54.0,3.58
405,Chapais,90,CA,1578277166,84,49.78,-74.86,6.8,4.7
406,Susehri,100,TR,1578277166,97,40.16,38.09,18.66,5.23
407,Ahipara,3,NZ,1578277166,76,-35.17,173.16,73.0,1.01
408,Eydhafushi,38,MV,1578277166,78,5.1,73.07,82.42,14.34
409,Shingu,20,JP,1578277156,39,33.72,135.99,48.2,4.7
410,Nhulunbuy,40,AU,1578277166,59,-12.18,136.78,89.6,14.99
411,Topchikha,0,RU,1578277166,78,52.82,83.12,10.4,6.71
412,Yamada,40,JP,1578277166,52,36.58,137.08,48.99,5.82
413,Jati,82,PK,1578277166,45,24.35,68.27,60.04,8.37
414,Caravelas,100,BR,1578277166,94,-17.73,-39.27,71.42,5.68
415,Goderich,100,CA,1578277166,86,43.74,-81.71,30.99,14.74
416,Esteli,0,NI,1578277167,74,13.09,-86.35,71.08,6.91
417,Blythe,1,US,1578277167,41,33.61,-114.59,59.0,9.17
418,Nizhniy Odes,70,RU,1578277167,94,63.64,54.86,9.0,7.0
419,Road Town,75,VG,1578277124,78,18.42,-64.62,78.8,5.82
420,Dudinka,40,RU,1578277094,92,69.41,86.18,19.4,26.84
421,Utete,100,TZ,1578277167,97,-7.99,38.76,72.34,2.53
422,Lagoa,0,PT,1578277167,76,37.14,-8.45,51.8,9.17
423,Madaoua,55,NE,1578277167,23,14.07,5.96,61.0,13.44
424,Cravo Norte,100,CO,1578277167,60,6.3,-70.2,76.19,5.28
425,Siniscola,0,IT,1578277167,100,40.57,9.69,37.4,2.24
426,Sanandaj,68,IR,1578276977,88,35.31,47.0,20.62,1.9
427,Normal,1,US,1578276976,69,40.51,-88.99,39.0,17.22
428,Alamos,100,AR,1578277167,88,-36.9,-62.36,64.22,7.14
429,Sergeyevka,67,KZ,1578277167,94,53.88,67.42,10.11,9.24
430,Uniao dos Palmares,100,BR,1578277167,88,-9.16,-36.03,75.2,2.24
431,Lasa,75,CY,1578277167,82,34.92,32.53,57.2,14.99
432,Batemans Bay,100,AU,1578277167,72,-35.71,150.18,66.99,8.01
433,Pangnirtung,100,CA,1578276970,90,66.15,-65.72,-46.19,1.74
434,Kawalu,85,ID,1578277168,62,-7.38,108.21,83.82,3.6
435,Hasaki,20,JP,1578277168,42,35.73,140.83,50.0,13.87
436,Sabana de Torres,20,CO,1578277168,100,7.39,-73.5,64.4,4.7
437,Solnechnyy,0,RU,1578277168,85,50.72,136.64,8.24,2.37
438,Half Moon Bay,90,US,1578277168,87,37.46,-122.43,55.0,6.93
439,Majene,75,ID,1578277168,59,-3.54,118.97,87.42,6.22
440,Hualmay,60,PE,1578277168,77,-11.1,-77.61,68.94,2.66
441,Cedar City,1,US,1578276878,50,37.68,-113.06,33.8,6.93
442,Zhenlai,100,CN,1578277168,89,45.84,123.2,17.2,5.99
443,Bonthe,0,SL,1578277168,72,7.53,-12.5,75.56,4.16
444,Kaeo,5,NZ,1578277168,76,-35.1,173.78,73.0,1.01
445,Newcastleton,100,GB,1578277168,93,55.18,-2.81,46.99,17.22
446,Yenagoa,4,NG,1578277169,74,4.92,6.26,73.58,0.83
447,Cangucu,0,BR,1578277169,84,-31.39,-52.68,73.0,1.01
448,Usinsk,100,RU,1578277169,94,66.0,57.56,9.66,12.8
449,Shimoda,20,JP,1578277169,65,34.7,138.93,59.0,8.05
450,Broome,3,GB,1578277169,81,52.47,1.45,46.4,10.29
451,Sangre Grande,20,TT,1578277169,83,10.59,-61.13,75.0,6.55
452,Zabol,75,IR,1578277169,87,31.03,61.49,51.8,9.17
453,Ossora,100,RU,1578277169,97,59.24,163.07,8.15,5.5
454,Abdanan,0,IR,1578277169,73,32.99,47.42,36.59,1.03
455,Brae,100,GB,1578277169,93,60.4,-1.35,50.0,19.46
456,Ylivieska,100,FI,1578277169,92,64.07,24.53,27.0,8.01
457,Chincha Alta,65,PE,1578277169,83,-13.42,-76.13,70.0,16.11
458,Ixtapa,5,MX,1578277145,77,20.71,-105.21,72.0,4.43
459,Puerto Narino,21,CO,1578277169,100,-3.77,-70.38,78.8,2.15
460,Valparaiso,90,US,1578276987,93,41.47,-87.06,39.2,11.41
461,Arman,18,RU,1578277169,66,59.7,150.17,16.54,8.75
462,Gaoual,32,GN,1578277169,23,11.75,-13.2,63.1,2.93
463,Saint George,90,GR,1578277169,86,39.45,22.34,42.8,14.99
464,Mnogovershinnyy,100,RU,1578277169,93,53.94,139.92,15.44,4.16
465,Preeceville,4,CA,1578277169,92,51.95,-102.67,6.6,3.78
466,Ust-Nera,100,RU,1578277169,100,64.57,143.24,-23.06,2.06
467,Kruisfontein,100,ZA,1578277108,87,-34.0,24.73,63.05,3.0
468,Strathpeffer,100,GB,1578277170,76,57.59,-4.54,53.6,9.17
469,Snezhnogorsk,96,RU,1578277170,84,69.19,33.23,-0.4,2.24
470,Virginia Beach,1,US,1578276784,64,36.85,-75.98,43.0,4.7
471,Soke,65,ML,1578277170,21,13.6,-5.94,59.25,9.51
472,Pohorelice,0,CZ,1578277170,86,48.98,16.52,26.6,2.24
473,Namatanai,87,PG,1578277170,71,-3.66,152.44,85.84,8.95
474,Nanakuli,20,US,1578277170,69,21.39,-158.15,82.0,16.11
475,Tongliao,100,CN,1578277170,88,43.61,122.27,26.89,9.06
476,Qasigiannguit,100,GL,1578277170,65,68.82,-51.19,8.6,14.99
477,Mitsamiouli,98,KM,1578277170,72,-11.38,43.28,82.92,4.63
478,Manono,100,CD,1578277170,97,-7.3,27.4,67.08,1.79
479,Ankazoabo,3,MG,1578277170,77,-22.29,44.51,71.85,2.24
480,Fare,49,PF,1578277170,73,-16.7,-151.02,82.47,10.85
481,Copiapo,0,CL,1578277171,77,-27.37,-70.33,64.4,2.24
482,Chingirlau,100,KZ,1578277171,96,51.09,54.08,24.87,9.28
483,Konigs Wusterhausen,75,DE,1578277171,93,52.3,13.63,41.0,8.05
484,Pohrebyshche,96,UA,1578277171,88,49.49,29.26,28.4,9.91
485,Lindas,75,NO,1578277171,100,60.74,5.16,46.0,17.22
486,Zhanaozen,100,KZ,1578277171,64,43.35,52.85,28.67,6.02
487,Casablanca,20,MA,1578277171,93,33.6,-7.62,55.0,4.7
488,Port Macquarie,90,AU,1578277171,61,-31.43,152.91,86.0,10.29
489,Vidalia,1,US,1578277171,67,31.57,-91.43,57.2,8.05
490,Manakara,21,MG,1578277171,95,-22.14,48.01,72.23,4.94
491,Gambela,0,ET,1578277171,60,8.25,34.59,71.13,1.88
492,Visby,96,SE,1578277171,87,57.64,18.3,42.01,17.22
493,Daru,79,PG,1578277171,57,-9.07,143.21,89.58,5.21
494,Bom Jardim,75,BR,1578277171,83,-7.8,-35.59,75.2,13.87
495,Susanville,1,US,1578277171,85,40.42,-120.65,32.0,4.7
496,Port Hardy,75,CA,1578276921,95,50.7,-127.42,35.6,5.82
497,Beringovskiy,94,RU,1578277172,80,63.05,179.32,-6.29,16.04
498,Esso,6,RU,1578277172,92,55.93,158.7,3.83,3.47
499,Ihosy,80,MG,1578277172,92,-22.4,46.13,64.29,9.01
500,Tilichiki,83,RU,1578277172,70,60.47,166.1,-8.73,7.83
501,Ardahan,39,TR,1578277172,85,41.11,42.7,6.19,2.89
502,Rio Grande,31,BR,1578277172,84,-32.03,-52.1,73.0,1.01
503,Leon,1,US,1578277172,80,40.74,-93.75,34.0,9.17
504,Pingdingshan,100,CN,1578277172,90,33.74,113.3,35.91,9.48
505,Marawi,7,PH,1578277172,74,8.0,124.29,80.01,5.99
506,Codrington,40,AU,1578277172,45,-28.95,153.24,89.6,10.29
507,Pasighat,24,IN,1578277172,80,28.06,95.33,57.36,3.58
508,Chodavaram,1,IN,1578277172,78,17.44,81.78,77.0,11.41
509,Baykit,98,RU,1578277172,97,61.68,96.39,8.55,4.38
510,Kirakira,97,SB,1578277172,74,-10.46,161.92,83.91,12.17
511,Mehran,75,IR,1578277172,86,33.12,46.17,30.2,2.24
512,Kulhudhuffushi,68,MV,1578277172,79,6.62,73.07,82.24,12.71
513,Gribanovskiy,95,RU,1578277173,96,51.46,41.98,30.99,6.38
514,Punta Alta,0,AR,1578276955,69,-27.46,-55.82,82.4,3.36
515,Paamiut,100,GL,1578277173,95,61.99,-49.67,12.29,34.38
516,Maxixe,36,MZ,1578277173,81,-23.86,35.35,78.42,10.83
517,Abu Zabad,0,SD,1578277173,20,12.35,29.25,54.59,10.87
518,Launceston,0,AU,1578277173,33,-41.43,147.14,80.01,8.05
519,Gladstone,75,AU,1578277095,54,-23.84,151.26,86.0,13.87
520,Marzuq,5,YE,1578276878,74,14.4,46.47,59.5,0.56
521,Aripuana,100,BR,1578277142,98,-9.17,-60.63,72.91,1.95
522,Zagare,90,LT,1578277173,96,56.36,23.25,32.0,10.29
523,Zemio,100,CF,1578277173,31,5.02,25.13,63.55,1.9
524,Pangody,0,RU,1578277173,90,65.85,74.49,7.43,11.92
525,Limerick,75,IE,1578277173,81,52.66,-8.63,48.2,23.04
526,Camopi,86,GF,1578277173,99,3.17,-52.33,70.77,2.53
527,Amapa,75,HN,1578277173,93,15.09,-87.97,66.2,5.82
528,Sawtell,75,AU,1578277173,65,-30.38,153.1,87.8,13.87
529,Tura,100,RU,1578277173,89,64.27,100.22,11.7,6.44
530,Kupang,90,ID,1578277173,83,-10.16,123.6,82.4,19.46
531,Ponazyrevo,84,RU,1578277173,96,58.36,46.31,18.72,5.1
532,Samarai,19,PG,1578277174,65,-10.62,150.67,86.9,8.1
533,Takoradi,100,GH,1578277174,58,4.89,-1.75,76.82,4.83
534,Komsomolskiy,100,RU,1578277174,94,67.55,63.78,9.1,16.98
535,Kasrawad,0,IN,1578277174,87,22.12,75.61,51.8,5.82
536,Beaverlodge,20,CA,1578277174,58,55.21,-119.43,28.4,25.28
537,Shenjiamen,67,CN,1578277174,92,29.96,122.3,60.93,18.5
